external_player_id,player_name,projection_roles,rejection_reason
3006,Aaron Cunningham,H,MISSING_VALID_MLBAM_ID_IN_FANTASYPROS_DIRECTORY
4866,Alex Glenn,H,MISSING_VALID_MLBAM_ID_IN_FANTASYPROS_DIRECTORY
4859,Alonzo Harris,H,MISSING_VALID_MLBAM_ID_IN_FANTASYPROS_DIRECTORY
5069,Amalani Fukofuka,H,MISSING_VALID_MLBAM_ID_IN_FANTASYPROS_DIRECTORY
7356305,Andrew Sojka,H,MISSING_VALID_MLBAM_ID_IN_FANTASYPROS_DIRECTORY
3056,Andy LaRoche,H,MISSING_VALID_MLBAM_ID_IN_FANTASYPROS_DIRECTORY
4929,Angelys Nina,H,MISSING_VALID_MLBAM_ID_IN_FANTASYPROS_DIRECTORY
5199,Anthony Aliotti,H,MISSING_VALID_MLBAM_ID_IN_FANTASYPROS_DIRECTORY
5155,Anthony Seratelli,H,MISSING_VALID_MLBAM_ID_IN_FANTASYPROS_DIRECTORY
48276,Armando-DUP Alvarez-DUP,H,MISSING_VALID_MLBAM_ID_IN_FANTASYPROS_DIRECTORY
46470,Axial Plaz,H,MISSING_VALID_MLBAM_ID_IN_FANTASYPROS_DIRECTORY
4682,Bobby Borchering,H,MISSING_VALID_MLBAM_ID_IN_FANTASYPROS_DIRECTORY
5185,Brad Boyer,H,MISSING_VALID_MLBAM_ID_IN_FANTASYPROS_DIRECTORY
3096,Brad Davis,H,MISSING_VALID_MLBAM_ID_IN_FANTASYPROS_DIRECTORY
5103,Brandon Bednar,H,MISSING_VALID_MLBAM_ID_IN_FANTASYPROS_DIRECTORY
4765,Brandon Jacobs,H,MISSING_VALID_MLBAM_ID_IN_FANTASYPROS_DIRECTORY
5162,Brian Fletcher,H,MISSING_VALID_MLBAM_ID_IN_FANTASYPROS_DIRECTORY
4916,Brian Humphries,H,MISSING_VALID_MLBAM_ID_IN_FANTASYPROS_DIRECTORY
5025,Brian Ragira,H,MISSING_VALID_MLBAM_ID_IN_FANTASYPROS_DIRECTORY
4357,Brock Kjeldgaard,H,MISSING_VALID_MLBAM_ID_IN_FANTASYPROS_DIRECTORY
4248,Bryan Petersen,H,MISSING_VALID_MLBAM_ID_IN_FANTASYPROS_DIRECTORY
5237,C.J. Ziegler,H,MISSING_VALID_MLBAM_ID_IN_FANTASYPROS_DIRECTORY
5137,Carlos Talavera,H,MISSING_VALID_MLBAM_ID_IN_FANTASYPROS_DIRECTORY
4912,Chad Oberacker,H,MISSING_VALID_MLBAM_ID_IN_FANTASYPROS_DIRECTORY
4917,Chris Lofton,H,MISSING_VALID_MLBAM_ID_IN_FANTASYPROS_DIRECTORY
5016,Chris Rivera,H,MISSING_VALID_MLBAM_ID_IN_FANTASYPROS_DIRECTORY
6042,Clint Coulter,H,MISSING_VALID_MLBAM_ID_IN_FANTASYPROS_DIRECTORY
4987,Cord Sandberg,H,MISSING_VALID_MLBAM_ID_IN_FANTASYPROS_DIRECTORY
4694,Cory Aldridge,H,MISSING_VALID_MLBAM_ID_IN_FANTASYPROS_DIRECTORY
7355980,Cris Rodriguez,H,MISSING_VALID_MLBAM_ID_IN_FANTASYPROS_DIRECTORY
3193,Cristian Guzman,H,MISSING_VALID_MLBAM_ID_IN_FANTASYPROS_DIRECTORY
5038,Dalton Hicks,H,MISSING_VALID_MLBAM_ID_IN_FANTASYPROS_DIRECTORY
4855,Danry Vazquez,H,MISSING_VALID_MLBAM_ID_IN_FANTASYPROS_DIRECTORY
5128,David Denson,H,MISSING_VALID_MLBAM_ID_IN_FANTASYPROS_DIRECTORY
4404,David Winfree,H,MISSING_VALID_MLBAM_ID_IN_FANTASYPROS_DIRECTORY
5154,Devin Harris,H,MISSING_VALID_MLBAM_ID_IN_FANTASYPROS_DIRECTORY
7356389,Devin Ortiz,H,MISSING_VALID_MLBAM_ID_IN_FANTASYPROS_DIRECTORY
4497,Dorssys Paulino,H,MISSING_VALID_MLBAM_ID_IN_FANTASYPROS_DIRECTORY
4786,Drew Vettleson,H,MISSING_VALID_MLBAM_ID_IN_FANTASYPROS_DIRECTORY
3313,Dusty Brown,H,MISSING_VALID_MLBAM_ID_IN_FANTASYPROS_DIRECTORY
6033,Eddy Julio Martinez,H,MISSING_VALID_MLBAM_ID_IN_FANTASYPROS_DIRECTORY
43824,Elijah Nunez,H,MISSING_VALID_MLBAM_ID_IN_FANTASYPROS_DIRECTORY
4353,Eric Farris,H,MISSING_VALID_MLBAM_ID_IN_FANTASYPROS_DIRECTORY
4968,Eric Jagielo,H,MISSING_VALID_MLBAM_ID_IN_FANTASYPROS_DIRECTORY
3332,Eric Patterson,H,MISSING_VALID_MLBAM_ID_IN_FANTASYPROS_DIRECTORY
4391,Erik Komatsu,H,MISSING_VALID_MLBAM_ID_IN_FANTASYPROS_DIRECTORY
7420,Freudis Novva,H,MISSING_VALID_MLBAM_ID_IN_FANTASYPROS_DIRECTORY
3385,Greg Golson,H,MISSING_VALID_MLBAM_ID_IN_FANTASYPROS_DIRECTORY
3386,Greg Halman,H,MISSING_VALID_MLBAM_ID_IN_FANTASYPROS_DIRECTORY
5138,Hector Linares,H,MISSING_VALID_MLBAM_ID_IN_FANTASYPROS_DIRECTORY
5056,Ivan Wilson,H,MISSING_VALID_MLBAM_ID_IN_FANTASYPROS_DIRECTORY
4914,J.D. Williams,H,MISSING_VALID_MLBAM_ID_IN_FANTASYPROS_DIRECTORY
4885,Jabari Henry,H,MISSING_VALID_MLBAM_ID_IN_FANTASYPROS_DIRECTORY
5149,Jake Lowery,H,MISSING_VALID_MLBAM_ID_IN_FANTASYPROS_DIRECTORY
5082,Jake Sweaney,H,MISSING_VALID_MLBAM_ID_IN_FANTASYPROS_DIRECTORY
4446,James Darnell,H,MISSING_VALID_MLBAM_ID_IN_FANTASYPROS_DIRECTORY
5024,Jan Hernandez,H,MISSING_VALID_MLBAM_ID_IN_FANTASYPROS_DIRECTORY
3444,Jared Goedert,H,MISSING_VALID_MLBAM_ID_IN_FANTASYPROS_DIRECTORY
3445,Jarrett Hoffpauir,H,MISSING_VALID_MLBAM_ID_IN_FANTASYPROS_DIRECTORY
3499,Jeremy Hermida,H,MISSING_VALID_MLBAM_ID_IN_FANTASYPROS_DIRECTORY
4180,Jeremy Moore,H,MISSING_VALID_MLBAM_ID_IN_FANTASYPROS_DIRECTORY
5183,Jeremy Rathjen,H,MISSING_VALID_MLBAM_ID_IN_FANTASYPROS_DIRECTORY
4198,Jermaine Mitchell,H,MISSING_VALID_MLBAM_ID_IN_FANTASYPROS_DIRECTORY
5191,Jesus Solorzano,H,MISSING_VALID_MLBAM_ID_IN_FANTASYPROS_DIRECTORY
4761,Jim Negrych,H,MISSING_VALID_MLBAM_ID_IN_FANTASYPROS_DIRECTORY
5108,John Wooten,H,MISSING_VALID_MLBAM_ID_IN_FANTASYPROS_DIRECTORY
5238,Jonathan Roof,H,MISSING_VALID_MLBAM_ID_IN_FANTASYPROS_DIRECTORY
5011,Jordan Paroubeck,H,MISSING_VALID_MLBAM_ID_IN_FANTASYPROS_DIRECTORY
5187,Josh Elander,H,MISSING_VALID_MLBAM_ID_IN_FANTASYPROS_DIRECTORY
4985,Josh Hart,H,MISSING_VALID_MLBAM_ID_IN_FANTASYPROS_DIRECTORY
3601,Josh Rodriguez,H,MISSING_VALID_MLBAM_ID_IN_FANTASYPROS_DIRECTORY
4126,Juan Diaz,H,MISSING_VALID_MLBAM_ID_IN_FANTASYPROS_DIRECTORY
5147,Juan Silviero,H,MISSING_VALID_MLBAM_ID_IN_FANTASYPROS_DIRECTORY
4868,Julian Yan,H,MISSING_VALID_MLBAM_ID_IN_FANTASYPROS_DIRECTORY
5040,Kevin Franklin,H,MISSING_VALID_MLBAM_ID_IN_FANTASYPROS_DIRECTORY
4247,Kevin Mattison,H,MISSING_VALID_MLBAM_ID_IN_FANTASYPROS_DIRECTORY
5123,Kevin Rivers,H,MISSING_VALID_MLBAM_ID_IN_FANTASYPROS_DIRECTORY
4719,Kolbrin Vitek,H,MISSING_VALID_MLBAM_ID_IN_FANTASYPROS_DIRECTORY
3644,Kyle Hudson,H,MISSING_VALID_MLBAM_ID_IN_FANTASYPROS_DIRECTORY
7355050,Kyle-DUP Dernedde-DUP,H,MISSING_VALID_MLBAM_ID_IN_FANTASYPROS_DIRECTORY
4851,Lee Orr,H,MISSING_VALID_MLBAM_ID_IN_FANTASYPROS_DIRECTORY
4873,Logan Vick,H,MISSING_VALID_MLBAM_ID_IN_FANTASYPROS_DIRECTORY
3677,Lucas May,H,MISSING_VALID_MLBAM_ID_IN_FANTASYPROS_DIRECTORY
7454,Luis Alamanzar,H,MISSING_VALID_MLBAM_ID_IN_FANTASYPROS_DIRECTORY
5176,Luis Encarnacion,H,MISSING_VALID_MLBAM_ID_IN_FANTASYPROS_DIRECTORY
3681,Luis Exposito,H,MISSING_VALID_MLBAM_ID_IN_FANTASYPROS_DIRECTORY
3683,Luis Martinez,H,MISSING_VALID_MLBAM_ID_IN_FANTASYPROS_DIRECTORY
44142,Luke Berryhill-DUP,H,MISSING_VALID_MLBAM_ID_IN_FANTASYPROS_DIRECTORY
4388,Mark Hamilton,H,MISSING_VALID_MLBAM_ID_IN_FANTASYPROS_DIRECTORY
4047,Matt Angle,H,MISSING_VALID_MLBAM_ID_IN_FANTASYPROS_DIRECTORY
4335,Matt Downs,H,MISSING_VALID_MLBAM_ID_IN_FANTASYPROS_DIRECTORY
3731,Matt LaPorta,H,MISSING_VALID_MLBAM_ID_IN_FANTASYPROS_DIRECTORY
3739,Matt Tolbert,H,MISSING_VALID_MLBAM_ID_IN_FANTASYPROS_DIRECTORY
44786,Matthew Fraizer,H,MISSING_VALID_MLBAM_ID_IN_FANTASYPROS_DIRECTORY
4075,Melky Mesa,H,MISSING_VALID_MLBAM_ID_IN_FANTASYPROS_DIRECTORY
5136,Micker Zapata,H,MISSING_VALID_MLBAM_ID_IN_FANTASYPROS_DIRECTORY
3781,Mike Nickeas,H,MISSING_VALID_MLBAM_ID_IN_FANTASYPROS_DIRECTORY
4731,Miles Head,H,MISSING_VALID_MLBAM_ID_IN_FANTASYPROS_DIRECTORY
3787,Mitch Maier,H,MISSING_VALID_MLBAM_ID_IN_FANTASYPROS_DIRECTORY
48094,Nate-DUP Nankil-DUP,H,MISSING_VALID_MLBAM_ID_IN_FANTASYPROS_DIRECTORY
4869,Nathan Hanson,H,MISSING_VALID_MLBAM_ID_IN_FANTASYPROS_DIRECTORY
48058,Nik McClaughry,H,MISSING_VALID_MLBAM_ID_IN_FANTASYPROS_DIRECTORY
44739,Noah Miller-DUP,H,MISSING_VALID_MLBAM_ID_IN_FANTASYPROS_DIRECTORY
7156,Oniel Cruz,H,MISSING_VALID_MLBAM_ID_IN_FANTASYPROS_DIRECTORY
4118,Osvaldo Martinez,H,MISSING_VALID_MLBAM_ID_IN_FANTASYPROS_DIRECTORY
5180,Raydel Medina,H,MISSING_VALID_MLBAM_ID_IN_FANTASYPROS_DIRECTORY
44934,Richard Palacios,H,MISSING_VALID_MLBAM_ID_IN_FANTASYPROS_DIRECTORY
5023,Riley Unroe,H,MISSING_VALID_MLBAM_ID_IN_FANTASYPROS_DIRECTORY
4926,Robby Hefflinger,H,MISSING_VALID_MLBAM_ID_IN_FANTASYPROS_DIRECTORY
4861,Roderick Shoulders,H,MISSING_VALID_MLBAM_ID_IN_FANTASYPROS_DIRECTORY
5140,Ron Tapia,H,MISSING_VALID_MLBAM_ID_IN_FANTASYPROS_DIRECTORY
4088,Russ Canzler,H,MISSING_VALID_MLBAM_ID_IN_FANTASYPROS_DIRECTORY
5122,Rylan Sandoval,H,MISSING_VALID_MLBAM_ID_IN_FANTASYPROS_DIRECTORY
5100,Sean Dwyer,H,MISSING_VALID_MLBAM_ID_IN_FANTASYPROS_DIRECTORY
7354898,Starlyn Caba,H,MISSING_VALID_MLBAM_ID_IN_FANTASYPROS_DIRECTORY
5447,Steve Lerud,H,MISSING_VALID_MLBAM_ID_IN_FANTASYPROS_DIRECTORY
5112,Steve Rodriguez,H,MISSING_VALID_MLBAM_ID_IN_FANTASYPROS_DIRECTORY
4864,Torsten Boss,H,MISSING_VALID_MLBAM_ID_IN_FANTASYPROS_DIRECTORY
3975,Trayvon Robinson,H,MISSING_VALID_MLBAM_ID_IN_FANTASYPROS_DIRECTORY
5086,Trey Williams,H,MISSING_VALID_MLBAM_ID_IN_FANTASYPROS_DIRECTORY
5045,Tucker Neuhaus,H,MISSING_VALID_MLBAM_ID_IN_FANTASYPROS_DIRECTORY
4467,Tyler Graham,H,MISSING_VALID_MLBAM_ID_IN_FANTASYPROS_DIRECTORY
7355309,Wady-DUP Mendezz-DUP,H,MISSING_VALID_MLBAM_ID_IN_FANTASYPROS_DIRECTORY
5160,Wilson Amador,H,MISSING_VALID_MLBAM_ID_IN_FANTASYPROS_DIRECTORY
48107,Yahil-DUP Melendez-DUP,H,MISSING_VALID_MLBAM_ID_IN_FANTASYPROS_DIRECTORY
44807,Yanier Diaz-DUP,H,MISSING_VALID_MLBAM_ID_IN_FANTASYPROS_DIRECTORY
7356669,Yeremy Cabrera-DUP,H,MISSING_VALID_MLBAM_ID_IN_FANTASYPROS_DIRECTORY